{
  "runtime": "PYTHON",
  "functionsMetadata": [
    {
      "name": "sync_dataframes_with_old_new",
      "scriptFile": "functionapp.py",
      "bindings": [
        {
          "methods": ["POST"],
          "route": "",
          "authLevel": "Anonymous",
          "name": "req",
          "direction": "In",
          "type": "HttpTrigger"
        }
      ],
      "fabricProperties": {
        "fabricMetadataSchemaVersion": "1.1.0",
        "fabricFunctionParameters": [
          { "dataType": "DataFrame", "name": "newRecords" },
          { "dataType": "DataFrame", "name": "historic" },
          { "dataType": "list", "name": "key" },
          { "dataType": "bool", "name": "showChangedCol" }
        ],
        "fabricFunctionReturnType": "dict"
      }
    }
  ]
}
